{"cameraMode":{"drawMode":0,"name":"Shaded","section":"Shading Mode"},"sceneLighting":false,"audioPlay":false,"sceneViewState":{"m_AlwaysRefresh":false,"showFog":true,"showSkybox":false,"showFlares":true,"showImageEffects":true,"showParticleSystems":true,"showVisualEffectGraphs":true,"m_FxEnabled":true},"in2DMode":false,"pivot":{"x":-0.0059244632720947269,"y":2.3161685466766359,"z":1.1920928955078126e-7},"rotation":{"x":0.0222620852291584,"y":-0.8496136665344238,"z":0.03596390783786774,"w":0.5257153511047363},"size":3.0499813556671144,"orthographic":false}