{"cameraMode":{"drawMode":0,"name":"Shaded","section":"Shading Mode"},"sceneLighting":false,"audioPlay":false,"sceneViewState":{"m_AlwaysRefresh":false,"showFog":true,"showSkybox":false,"showFlares":true,"showImageEffects":true,"showParticleSystems":true,"showVisualEffectGraphs":true,"m_FxEnabled":true},"in2DMode":false,"pivot":{"x":-12.13992977142334,"y":0.18234539031982423,"z":0.5565147399902344},"rotation":{"x":-0.2862650752067566,"y":-0.33515915274620058,"z":0.10764617472887039,"w":-0.8911711573600769},"size":18.446338653564454,"orthographic":false}