{"cameraMode":{"drawMode":0,"name":"Shaded","section":"Shading Mode"},"sceneLighting":false,"audioPlay":false,"sceneViewState":{"m_AlwaysRefresh":false,"showFog":true,"showSkybox":false,"showFlares":true,"showImageEffects":true,"showParticleSystems":true,"showVisualEffectGraphs":true,"m_FxEnabled":true},"in2DMode":false,"pivot":{"x":25.086566925048829,"y":2.8048505783081056,"z":16.29166603088379},"rotation":{"x":-0.2922208607196808,"y":-0.11614903807640076,"z":0.035841964185237887,"w":-0.9487020969390869},"size":12.12435531616211,"orthographic":false}